planner,seed,checkpoint_frac,budget_m,n_samples,rmse_all,rmse_plume,mae_all,boundary_f1,boundary_iou,coverage_frac,in_plume_frac,compliant,gt_compliant,verdict_correct,max_exceedance_psu,prob_exceed_max,max_std_outside_psu,screening_state,screening_outcome
lawnmower,100,0.25,400.0,440,1.0566353454081099,1.6523842510435405,0.6657855384895376,0.4927536231884058,0.3269230769230769,0.3039857227840571,0.32045454545454544,True,False,False,-0.04106793064578085,0.4714990741287725,2.499999999999426,REVIEW,inconclusive
lawnmower,100,0.5,800.0,877,0.9368296380688463,1.5147120329248165,0.6213159738821046,0.5185185185185185,0.35,0.5080309339678762,0.16077537058152794,True,False,False,-0.08397693464904421,0.44281291162689285,2.499999999999468,REVIEW,inconclusive
lawnmower,100,0.75,1200.0,1314,0.6243423737125634,0.7251286783551418,0.401860412223959,0.6270270270270271,0.4566929133858268,0.646044021415824,0.2161339421613394,False,False,True,0.3563571003129198,0.8514227095029536,2.4999999999990834,POSSIBLE_EXCEEDANCE,correct
lawnmower,100,1.0,1600.0,1751,0.38873974142616863,0.30145964702270334,0.27708954018012305,0.8421052631578947,0.7272727272727273,0.7965496728138013,0.2238720731010851,False,False,True,0.04465919839611843,0.5605977390629003,2.4997926233407846,POSSIBLE_EXCEEDANCE,correct
lawnmower,101,0.25,400.0,439,0.656067637211225,0.32841194706557414,0.3584625980843345,0.5714285714285714,0.4,0.32599643069601425,0.3735763097949886,True,False,False,-0.008877574719321046,0.4869362985346801,2.49999999997091,REVIEW,inconclusive
lawnmower,101,0.5,800.0,876,0.4483924445142879,0.2761803415959237,0.3223502804107981,0.873015873015873,0.7746478873239436,0.5490779298036883,0.1872146118721461,False,False,True,0.009526962447111487,0.5138167081393046,2.4969232122119185,POSSIBLE_EXCEEDANCE,correct
lawnmower,101,0.75,1200.0,1313,0.32121619879700103,0.2420780391963316,0.21577817203756366,0.896,0.8115942028985508,0.7459845330160618,0.16222391469916222,True,False,False,-0.017054268159213848,0.4719737734831142,2.497093888863437,REVIEW,inconclusive
lawnmower,101,1.0,1600.0,1750,0.3930320277048945,0.32522665369868,0.23814964783356335,0.8769230769230769,0.7808219178082192,0.816775728732897,0.22171428571428572,False,False,True,0.05502237259047149,0.6995653589882659,2.4983458896389013,POSSIBLE_EXCEEDANCE,correct
lawnmower,102,0.25,400.0,439,0.5923247520694237,0.8673050977010189,0.41751348315089226,0.84375,0.7297297297297297,0.28494943486020224,0.2984054669703872,False,False,True,0.07696345314692365,0.5317833042408008,2.4999999999981215,POSSIBLE_EXCEEDANCE,correct
lawnmower,102,0.5,800.0,875,0.5675782446304486,0.8504155084886243,0.38798592985691593,0.8125,0.6842105263157895,0.4895895300416419,0.14971428571428572,True,False,False,-0.041451543245273115,0.483360208332234,2.4999999999982454,REVIEW,inconclusive
lawnmower,102,0.75,1200.0,1312,0.4573079592272517,0.5116119645252704,0.27527675810288327,0.8251748251748252,0.7023809523809523,0.6513979773944081,0.20426829268292682,False,False,True,0.12153411588016638,0.7784876707251244,2.4999999999972746,POSSIBLE_EXCEEDANCE,correct
lawnmower,102,1.0,1600.0,1749,0.3950839211372579,0.30840930243423165,0.26731427248782624,0.8461538461538461,0.7333333333333333,0.800118976799524,0.21555174385363066,False,False,True,0.03393842622175214,0.552800886996032,2.4997444129951027,POSSIBLE_EXCEEDANCE,correct
lawnmower,103,0.25,400.0,439,0.7711765301366761,1.1009263915774483,0.5301712539406113,0.5882352941176471,0.4166666666666667,0.29327781082688875,0.3120728929384966,False,False,True,0.5754933824058668,0.7222183959766337,2.499999999999366,POSSIBLE_EXCEEDANCE,correct
lawnmower,103,0.5,800.0,876,0.7407161900335562,1.0041959736926238,0.506239863758528,0.6303030303030303,0.46017699115044247,0.49791790600832836,0.15639269406392695,False,False,True,0.3432776167292104,0.6933877778786972,2.499999999999383,POSSIBLE_EXCEEDANCE,correct
lawnmower,103,0.75,1200.0,1313,0.527885338012691,0.7165962711312915,0.33174506208472,0.6428571428571429,0.47368421052631576,0.6490184414039263,0.2102056359482102,False,False,True,0.31045065027718977,0.9891852931695707,2.4999999999987956,POSSIBLE_EXCEEDANCE,correct
lawnmower,103,1.0,1600.0,1750,0.46751299993044915,0.4636925442525999,0.32018646965967745,0.7714285714285715,0.627906976744186,0.7983343248066627,0.22228571428571428,False,False,True,0.092027954392492,0.7601696529807336,2.499806932845759,POSSIBLE_EXCEEDANCE,correct
lawnmower,104,0.25,400.0,439,0.8355147458661528,1.334785835188577,0.5319564787945451,0.6506024096385542,0.48214285714285715,0.2950624628197501,0.31890660592255127,False,False,True,0.623600377090888,0.6524087221120773,2.4999999999995777,POSSIBLE_EXCEEDANCE,correct
lawnmower,104,0.5,800.0,876,0.7698061465292113,1.2515790493555057,0.46240649574308634,0.6625766871165644,0.4954128440366973,0.49791790600832836,0.1598173515981735,False,False,True,0.5736837770466323,0.6277403430948554,2.49999999999961,POSSIBLE_EXCEEDANCE,correct
lawnmower,104,0.75,1200.0,1313,0.6274178152179994,0.6864171890215243,0.39767728395076724,0.5771144278606966,0.40559440559440557,0.6395002974419988,0.2102056359482102,False,False,True,0.6647113192284877,0.9329653387443269,2.4999999999990257,POSSIBLE_EXCEEDANCE,correct
lawnmower,104,1.0,1600.0,1750,0.4932448107696864,0.43259474355601435,0.33236507310639807,0.7194244604316546,0.5617977528089888,0.7971445568114218,0.22228571428571428,False,False,True,0.015665717927461742,0.5211816618656767,2.4998341474622396,POSSIBLE_EXCEEDANCE,correct
lawnmower,105,0.25,400.0,439,0.7936524178952754,0.9955701289944904,0.5434490138876124,0.5988023952095808,0.42735042735042733,0.28316478286734087,0.31662870159453305,False,False,True,0.17303534218742556,0.6029018471739258,2.4999999999996376,POSSIBLE_EXCEEDANCE,correct
lawnmower,105,0.5,800.0,876,0.7944867749578627,1.011081735744607,0.5331181924236262,0.6363636363636364,0.4666666666666667,0.4878048780487805,0.158675799086758,False,False,True,0.04713588968873239,0.5332545003301676,2.4999999999996474,POSSIBLE_EXCEEDANCE,correct
lawnmower,105,0.75,1200.0,1312,0.582608611651857,0.6391304209007284,0.37662656798064637,0.6535947712418301,0.4854368932038835,0.6365258774538964,0.20884146341463414,False,False,True,0.49517941426246637,0.9224132541999376,2.499999999999353,POSSIBLE_EXCEEDANCE,correct
lawnmower,105,1.0,1600.0,1749,0.42202157991753314,0.32751414006417384,0.28365859242935426,0.8059701492537313,0.675,0.7959547888161809,0.21783876500857632,False,False,True,0.050299487887613736,0.6407730049928076,2.4998507779024646,POSSIBLE_EXCEEDANCE,correct
lawnmower,106,0.25,400.0,439,0.7573722483926123,1.0292192253620107,0.5251522790402626,0.5785123966942148,0.4069767441860465,0.2873289708506841,0.3211845102505695,False,False,True,0.26358146458627374,0.7131450049670675,2.499999999999792,POSSIBLE_EXCEEDANCE,correct
lawnmower,106,0.5,800.0,876,0.875690076204844,1.064043732751976,0.5857284493670869,0.5147058823529411,0.3465346534653465,0.4895895300416419,0.16095890410958905,False,False,True,0.276021782121191,0.7162704010707739,2.4999999999998,POSSIBLE_EXCEEDANCE,correct
lawnmower,106,0.75,1200.0,1314,0.5077789574459725,0.6635005633951476,0.3600105167550386,0.6901408450704225,0.5268817204301075,0.6383105294467579,0.213089802130898,False,False,True,0.0055373527799105204,0.5112400908024788,2.4999999999994116,POSSIBLE_EXCEEDANCE,correct
lawnmower,106,1.0,1600.0,1751,0.41613980727190125,0.450993247559308,0.2921867194721196,0.8260869565217391,0.7037037037037037,0.7971445568114218,0.22215876641918902,True,False,False,-0.04524302101624755,0.4047963918469438,2.499802344962193,REVIEW,inconclusive
lawnmower,107,0.25,400.0,438,0.9931237805430552,1.2007095209252914,0.642714836516932,0.5714285714285714,0.4,0.29684711481261156,0.3013698630136986,False,False,True,0.7652941094521495,0.669481304654237,2.499999999997807,POSSIBLE_EXCEEDANCE,correct
lawnmower,107,0.5,800.0,875,0.9351404328256816,1.0354079907087097,0.5933401273743734,0.6129032258064516,0.4418604651162791,0.5002974419988102,0.15085714285714286,False,False,True,0.373748840559216,0.6339854462530644,2.499999999998044,POSSIBLE_EXCEEDANCE,correct
lawnmower,107,0.75,1200.0,1312,0.6677255282917169,0.6077094233686026,0.41390634578193347,0.5242718446601942,0.35526315789473684,0.652587745389649,0.2073170731707317,False,False,True,0.8810584798167866,0.8824246103195582,2.499999999996907,POSSIBLE_EXCEEDANCE,correct
lawnmower,107,1.0,1600.0,1749,0.48812377338908525,0.3147435764297178,0.3260705299317166,0.8125,0.6842105263157895,0.7989292088042832,0.22069754145225842,False,False,True,0.0021648294717380168,0.5057603499499328,2.499768806707551,POSSIBLE_EXCEEDANCE,correct
lawnmower,108,0.25,400.0,438,1.120933937646751,1.5970231323875228,0.6411768710750793,0.6285714285714286,0.4583333333333333,0.3087447947650208,0.317351598173516,True,False,False,-0.2703709454547294,0.27366360933986245,2.499999999998605,REVIEW,inconclusive
lawnmower,108,0.5,800.0,875,0.8841886728441539,1.4114050257519506,0.54556278263299,0.5333333333333333,0.36363636363636365,0.5163593099345628,0.15885714285714286,True,False,False,-0.2627823310815742,0.3139836543094002,2.499999999998637,REVIEW,inconclusive
lawnmower,108,0.75,1200.0,1311,0.43800939787795856,0.5853670007850512,0.290906876805993,0.8169014084507042,0.6904761904761905,0.6478286734086853,0.20137299771167047,True,False,False,-0.014816403039773718,0.4599527125346668,2.4999999999981792,REVIEW,inconclusive
lawnmower,108,1.0,1600.0,1748,0.29598347146541587,0.2775106105961062,0.20723240090860082,0.859375,0.7534246575342466,0.7947650208209399,0.2231121281464531,True,False,False,-0.0033175399913289993,0.4910532417099083,2.499759835020051,REVIEW,inconclusive
lawnmower,109,0.25,400.0,440,1.1735160046497315,1.4949091150138227,0.7255787884991544,0.46551724137931033,0.30337078651685395,0.2992266508030934,0.31363636363636366,False,False,True,0.46226493404761015,0.5960181819424534,2.4999999999991758,POSSIBLE_EXCEEDANCE,correct
lawnmower,109,0.5,800.0,877,1.0983933766281007,1.478550155055642,0.6878505661147212,0.49760765550239233,0.33121019108280253,0.5020820939916716,0.1573546180159635,False,False,True,0.3412329198486219,0.5734990578973084,2.4999999999992006,POSSIBLE_EXCEEDANCE,correct
lawnmower,109,0.75,1200.0,1314,0.4733960528183268,0.5188597289186251,0.3138058558281265,0.6745562130177515,0.5089285714285714,0.6496133254015467,0.20928462709284626,False,False,True,0.5854086516795505,0.9575220036070506,2.499999999998708,POSSIBLE_EXCEEDANCE,correct
lawnmower,109,1.0,1600.0,1750,0.5079124110554286,0.41664374334193993,0.34306266357631215,0.7,0.5384615384615384,0.7977394408090422,0.21828571428571428,False,False,True,0.20856821783161195,0.8283945703850484,2.499800145686992,POSSIBLE_EXCEEDANCE,correct
lawnmower,110,0.25,400.0,439,1.209625930713637,1.453307212264285,0.7744006589211839,0.5370370370370371,0.3670886075949367,0.29803688280785245,0.30751708428246016,False,False,True,0.538228584103706,0.8508437995793648,2.499999999999096,POSSIBLE_EXCEEDANCE,correct
lawnmower,110,0.5,800.0,876,1.1454272077137928,1.3973207411312885,0.7083642276091623,0.5870646766169154,0.4154929577464789,0.5002974419988102,0.1541095890410959,False,False,True,0.5173886231103637,0.8324773628554527,2.4999999999991225,POSSIBLE_EXCEEDANCE,correct
lawnmower,110,0.75,1200.0,1313,0.5791641893752141,0.5769477380980136,0.3833693726122253,0.6962025316455697,0.5339805825242718,0.6508030933967877,0.2048743335872049,False,False,True,0.45846928340154136,0.9745842192971619,2.499999999998552,POSSIBLE_EXCEEDANCE,correct
lawnmower,110,1.0,1600.0,1749,0.4185895635386918,0.38155375851878964,0.2947804349855594,0.8055555555555556,0.6744186046511628,0.7977394408090422,0.2138364779874214,False,False,True,0.2253241704532769,0.949515934010017,2.499796502131354,POSSIBLE_EXCEEDANCE,correct
lawnmower,111,0.25,400.0,440,0.8826215746225814,1.3649913962592974,0.5191247263429567,0.5714285714285714,0.4,0.29208804283164785,0.31136363636363634,False,False,True,0.4600806267343245,0.5948164764224844,2.499999999999309,POSSIBLE_EXCEEDANCE,correct
lawnmower,111,0.5,800.0,878,0.7771581141966402,1.2158585440885545,0.46313711046344885,0.5957446808510638,0.42424242424242425,0.49494348602022603,0.1560364464692483,False,False,True,0.24466335465901778,0.6609192167687009,2.4999999999993454,POSSIBLE_EXCEEDANCE,correct
lawnmower,111,0.75,1200.0,1315,0.49141571424604763,0.5694822563571894,0.2919850525955821,0.7172413793103448,0.5591397849462365,0.6478286734086853,0.21368821292775667,False,False,True,0.1677876593830021,0.7294054950693164,2.4999999999984768,POSSIBLE_EXCEEDANCE,correct
lawnmower,111,1.0,1600.0,1752,0.4276680869805473,0.40881545433177036,0.3107636770495123,0.7611940298507462,0.6144578313253012,0.7989292088042832,0.2237442922374429,False,False,True,0.07297357191693266,0.6975225536384494,2.499700912413008,POSSIBLE_EXCEEDANCE,correct
lawnmower,112,0.25,400.0,439,0.6319802708306602,0.7850275912193403,0.46560981933130685,0.5961538461538461,0.4246575342465753,0.2914931588340274,0.30296127562642367,True,False,False,-0.28045612226961936,0.4105698821629001,2.499999999998844,REVIEW,inconclusive
lawnmower,112,0.5,800.0,877,0.6488787992376138,0.818998032377703,0.4670062014578551,0.5981308411214953,0.4266666666666667,0.4943486020226056,0.1516533637400228,True,False,False,-0.5531451130890872,0.3532937383839614,2.499999999998895,REVIEW,inconclusive
lawnmower,112,0.75,1200.0,1313,0.5766637135136272,0.7427653682060285,0.36999325526251053,0.697986577181208,0.5360824742268041,0.6490184414039263,0.2079207920792079,False,False,True,0.18849810019159463,0.8561481803500196,2.4999999999982623,POSSIBLE_EXCEEDANCE,correct
lawnmower,112,1.0,1600.0,1749,0.3770538248993951,0.34444589792621877,0.26715080783279027,0.8208955223880597,0.6962025316455697,0.7965496728138013,0.21841052029731275,False,False,True,0.05028279266044677,0.6403363647217217,2.4998282350337355,POSSIBLE_EXCEEDANCE,correct
lawnmower,113,0.25,400.0,439,0.9023671632779536,1.0067934278862887,0.6294232777450431,0.6081871345029239,0.4369747899159664,0.28970850684116595,0.3143507972665148,False,False,True,0.5248921366076686,0.8225521797799475,2.4999999999993623,POSSIBLE_EXCEEDANCE,correct
lawnmower,113,0.5,800.0,876,0.855808833313388,0.9596370041885735,0.5656355887480138,0.6503067484662577,0.4818181818181818,0.4943486020226056,0.15753424657534246,False,False,True,0.5344330725130675,0.8201487152388445,2.499999999999375,POSSIBLE_EXCEEDANCE,correct
lawnmower,113,0.75,1200.0,1312,0.532291714100769,0.4862376938717523,0.32351114571560113,0.7417218543046358,0.5894736842105263,0.6478286734086853,0.20807926829268292,False,False,True,0.20436290766109266,0.9613747221377348,2.4999999999988294,POSSIBLE_EXCEEDANCE,correct
lawnmower,113,1.0,1600.0,1749,0.4344060926912465,0.3524110506728353,0.30211128604341225,0.7913669064748201,0.6547619047619048,0.7983343248066627,0.22298456260720412,False,False,True,0.08623193210426905,0.7865249275385184,2.499811357861698,POSSIBLE_EXCEEDANCE,correct
lawnmower,114,0.25,400.0,440,1.0474000405222992,1.5716225063700786,0.6382413074307537,0.5816326530612245,0.41007194244604317,0.2843545508625818,0.3159090909090909,False,False,True,0.7670325366264166,0.8751573937994727,2.499999999999685,POSSIBLE_EXCEEDANCE,correct
lawnmower,114,0.5,800.0,876,1.0627547040428666,1.5122042098818411,0.6435612272919508,0.5671641791044776,0.3958333333333333,0.48899464604402143,0.158675799086758,False,False,True,0.5224763996881805,0.8729278196955952,2.4999999999997033,POSSIBLE_EXCEEDANCE,correct
lawnmower,114,0.75,1200.0,1314,0.5718014713629074,0.5519822399787865,0.37174746033850203,0.5945945945945946,0.4230769230769231,0.6353361094586556,0.2176560121765601,False,False,True,0.96441034965504,0.8682971851917308,2.4999999999993476,POSSIBLE_EXCEEDANCE,correct
lawnmower,114,1.0,1600.0,1751,0.5179651558199502,0.47496927328103655,0.334343382334967,0.7450980392156863,0.59375,0.7977394408090422,0.22272986864648772,False,False,True,0.15882414811606793,0.6984281101057961,2.499768372743791,POSSIBLE_EXCEEDANCE,correct
lawnmower,115,0.25,400.0,439,1.0397631692318945,1.4779849171689357,0.6624228916930216,0.5047619047619047,0.3375796178343949,0.29803688280785245,0.3052391799544419,False,False,True,0.1857766831822829,0.5373540256144627,2.4999999999986313,POSSIBLE_EXCEEDANCE,correct
lawnmower,115,0.5,800.0,876,0.9508857703355033,1.3400228702555042,0.6245063940778081,0.5076142131979695,0.3401360544217687,0.5002974419988102,0.15296803652968036,True,False,False,-0.043467993457412035,0.49100774731629265,2.4999999999986953,REVIEW,inconclusive
lawnmower,115,0.75,1200.0,1312,0.6022443096897508,0.6646843210499798,0.383082444443857,0.6706586826347305,0.5045045045045045,0.6513979773944081,0.20960365853658536,False,False,True,0.1735485427870458,0.9253034518232941,2.4999999999981237,POSSIBLE_EXCEEDANCE,correct
lawnmower,115,1.0,1600.0,1749,0.4678433608653919,0.45402317083099075,0.3179143899235293,0.7591240875912408,0.611764705882353,0.7989292088042832,0.22126929674099485,False,False,True,0.048268139781995956,0.6686673184358347,2.4997645865669247,POSSIBLE_EXCEEDANCE,correct
lawnmower,116,0.25,400.0,440,1.3899763910224738,2.0733020502063977,0.808495869216976,0.4628099173553719,0.3010752688172043,0.3004164187983343,0.31136363636363634,False,False,True,1.6646863018073361,0.8026483322130314,2.499999999999063,POSSIBLE_EXCEEDANCE,correct
lawnmower,116,0.5,800.0,876,1.4349393738512126,1.9783488107455,0.8189768692107822,0.4497991967871486,0.29015544041450775,0.5026769779892921,0.15639269406392695,False,False,True,1.7390307842915007,0.8199409301500419,2.4999999999990927,POSSIBLE_EXCEEDANCE,correct
lawnmower,116,0.75,1200.0,1313,0.6067631455591722,0.500875871409814,0.39373528100299066,0.574585635359116,0.40310077519379844,0.6502082093991671,0.2102056359482102,False,False,True,0.6535456783313478,0.8823741017014008,2.499999999998517,POSSIBLE_EXCEEDANCE,correct
lawnmower,116,1.0,1600.0,1749,0.47094740522395,0.4044647442568501,0.3359232665670338,0.8091603053435115,0.6794871794871795,0.7971445568114218,0.22126929674099485,False,False,True,0.12527675038613495,0.697566702843471,2.499824467713023,POSSIBLE_EXCEEDANCE,correct
lawnmower,117,0.25,400.0,439,1.0111296523670144,1.4387811729062054,0.6308311664046535,0.5252525252525253,0.3561643835616438,0.2992266508030934,0.3097949886104784,False,False,True,0.1385277186560785,0.5957684331377894,2.4999999999988027,POSSIBLE_EXCEEDANCE,correct
lawnmower,117,0.5,800.0,875,0.8586049941525885,1.283374961447645,0.5117337852865887,0.574585635359116,0.40310077519379844,0.5014872099940512,0.15542857142857142,False,False,True,0.05476334396873028,0.5427730792133882,2.499999999998839,POSSIBLE_EXCEEDANCE,correct
lawnmower,117,0.75,1200.0,1312,0.5768782689436414,0.5803766643356358,0.35321578831451345,0.59375,0.4222222222222222,0.6508030933967877,0.21341463414634146,False,False,True,1.0440384576112933,0.9855405945926606,2.499999999998199,POSSIBLE_EXCEEDANCE,correct
lawnmower,117,1.0,1600.0,1749,0.432259909302778,0.36203902409357025,0.30443481096108177,0.7910447761194029,0.654320987654321,0.7977394408090422,0.22298456260720412,False,False,True,0.24011981246864877,0.8553091291146773,2.4997942523858767,POSSIBLE_EXCEEDANCE,correct
lawnmower,118,0.25,400.0,440,0.8785053793788714,1.1406199576859448,0.6121496437849452,0.524390243902439,0.35537190082644626,0.2956573468173706,0.3181818181818182,False,False,True,0.059890557841455916,0.5429563112980187,2.4999999999994844,POSSIBLE_EXCEEDANCE,correct
lawnmower,118,0.5,800.0,877,0.7636323207168888,1.0491928872165694,0.5168844358285222,0.6027397260273972,0.43137254901960786,0.49791790600832836,0.15963511972633979,False,False,True,0.06427915516663774,0.5459992190795655,2.4999999999995657,POSSIBLE_EXCEEDANCE,correct
lawnmower,118,0.75,1200.0,1314,0.5879835146203685,0.658322568314565,0.3851758866405454,0.6203208556149733,0.4496124031007752,0.6383105294467579,0.213089802130898,False,False,True,0.34495448059939804,0.8799527603456796,2.4999999999991642,POSSIBLE_EXCEEDANCE,correct
lawnmower,118,1.0,1600.0,1750,0.4856449640639517,0.43289238641474936,0.3278508463151575,0.7352941176470589,0.5813953488372093,0.7965496728138013,0.21771428571428572,True,False,False,-0.001989598359372735,0.4942597761551412,2.499803519063265,REVIEW,inconclusive
lawnmower,119,0.25,400.0,439,0.8413354289338723,1.2679051772090713,0.556573910854231,0.5578947368421052,0.38686131386861317,0.29327781082688875,0.3143507972665148,False,False,True,0.7233455034065699,0.9273134894681458,2.499999999999241,POSSIBLE_EXCEEDANCE,correct
lawnmower,119,0.5,800.0,876,0.7518932688466378,1.1549774999077882,0.48109430771618394,0.5698924731182796,0.39849624060150374,0.49732302201070794,0.15753424657534246,False,False,True,0.7237377393030187,0.9254258959754248,2.4999999999992606,POSSIBLE_EXCEEDANCE,correct
lawnmower,119,0.75,1200.0,1312,0.5348565761316979,0.58114819467908,0.3293945749819586,0.6082474226804123,0.43703703703703706,0.6466389054134444,0.20807926829268292,False,False,True,1.3134609286053092,0.995519079498432,2.4999999999989835,POSSIBLE_EXCEEDANCE,correct
lawnmower,119,1.0,1600.0,1750,0.4033127379468222,0.385038326701865,0.2879518635140534,0.7450980392156863,0.59375,0.7977394408090422,0.21714285714285714,False,False,True,0.27803098949778615,0.841582691906732,2.4998122819447763,POSSIBLE_EXCEEDANCE,correct
adaptive,100,0.25,400.0,446,1.651133025433593,2.360337006711174,0.9620462684579809,0.4925373134328358,0.32673267326732675,0.2409280190362879,0.5269058295964125,False,False,True,0.15739707338671138,0.6083846264772693,2.4999999999999996,POSSIBLE_EXCEEDANCE,correct
adaptive,100,0.5,800.0,888,1.652511670047279,2.0961222589617496,0.907791802781627,0.5203252032520326,0.3516483516483517,0.5240928019036288,0.3277027027027027,False,False,True,0.09721216724742021,0.5673639136380976,2.4998729197573204,POSSIBLE_EXCEEDANCE,correct
adaptive,100,0.75,1200.0,1331,0.7068294488110118,0.7857519958868383,0.4841206142056791,0.6231884057971014,0.45263157894736844,0.760261748958953,0.29676934635612323,False,False,True,0.9010412334966418,0.8834526963754765,2.4649620237006595,POSSIBLE_EXCEEDANCE,correct
adaptive,100,1.0,1600.0,1770,0.42033643603656856,0.5070114303589441,0.3169882691121597,0.6942148760330579,0.5316455696202531,0.901249256395003,0.30112994350282485,True,False,False,-0.4479515856152858,0.2117272396103661,1.8238596815955759,REVIEW,inconclusive
adaptive,101,0.25,400.0,439,0.656067637211225,0.32841194706557414,0.3584625980843345,0.5714285714285714,0.4,0.32599643069601425,0.3735763097949886,True,False,False,-0.008877574719321046,0.4869362985346801,2.49999999997091,REVIEW,inconclusive
adaptive,101,0.5,800.0,886,0.5375207371938502,0.5901119602517859,0.3900107417333915,0.775,0.6326530612244898,0.4592504461629982,0.42325056433408575,False,False,True,0.3395122336930143,0.9379152479555872,2.4999999996971853,POSSIBLE_EXCEEDANCE,correct
adaptive,101,0.75,1200.0,1323,0.5656729128865461,0.65989988537019,0.39082218067009605,0.5306122448979592,0.3611111111111111,0.7614515169541939,0.31065759637188206,False,False,True,0.21083618655154623,0.7755359688625181,1.8882268697873223,POSSIBLE_EXCEEDANCE,correct
adaptive,101,1.0,1600.0,1767,0.3976736305754627,0.4088814096874153,0.2814271978764813,0.7796610169491526,0.6388888888888888,0.9095776323616894,0.2722127900396152,False,False,True,0.22859609844564943,0.818068939536032,1.6316876160862237,POSSIBLE_EXCEEDANCE,correct
adaptive,102,0.25,400.0,445,0.7704855888433406,0.8657044746627474,0.551427835959365,0.6119402985074627,0.44086021505376344,0.25044616299821537,0.4696629213483146,False,False,True,0.395671361196392,0.6569371549326664,2.4999999999999956,POSSIBLE_EXCEEDANCE,correct
adaptive,102,0.5,800.0,886,0.5388126663953045,0.45562413953670405,0.39286064522477504,0.7874015748031497,0.6493506493506493,0.5318262938726949,0.27878103837471785,False,False,True,0.0883433976528778,0.5332356338823666,2.499953335337107,POSSIBLE_EXCEEDANCE,correct
adaptive,102,0.75,1200.0,1324,0.39184949213693965,0.3784325436637747,0.2851699901367459,0.8235294117647058,0.7,0.8161808447352766,0.24018126888217523,False,False,True,0.4050838548501048,0.6833148661063908,2.4675625110565687,POSSIBLE_EXCEEDANCE,correct
adaptive,102,1.0,1600.0,1763,0.41798904546439464,0.5698894816238389,0.30141276802969735,0.6728971962616822,0.5070422535211268,0.9375371802498513,0.20873511060692002,False,False,True,0.04628106869171944,0.5355549086205558,1.2506691597492143,POSSIBLE_EXCEEDANCE,correct
adaptive,103,0.25,400.0,440,0.8293916454923391,1.1239318912381981,0.5848400909278195,0.5573770491803278,0.38636363636363635,0.2843545508625818,0.41363636363636364,False,False,True,0.32484035757092045,0.7426621609356461,2.4999999999999973,POSSIBLE_EXCEEDANCE,correct
adaptive,103,0.5,800.0,880,0.6894421540669586,0.9229676675213365,0.46634493312776915,0.7105263157894737,0.5510204081632653,0.5823914336704342,0.2840909090909091,False,False,True,1.1011864036654657,0.9845559861864578,2.4999999852560397,POSSIBLE_EXCEEDANCE,correct
adaptive,103,0.75,1200.0,1323,0.5509780341573327,0.8030911098473018,0.404165482240981,0.8333333333333334,0.7142857142857143,0.6847114812611541,0.30158730158730157,True,False,False,-0.22379785245659178,0.27451764284584745,2.499849321484764,REVIEW,inconclusive
adaptive,103,1.0,1600.0,1768,0.4478652674499103,0.4336283974886882,0.32942483900265845,0.8194444444444444,0.6941176470588235,0.9036287923854849,0.27828054298642535,True,False,False,-0.06983942189042125,0.4294012649342942,1.9991627892126798,REVIEW,inconclusive
adaptive,104,0.25,400.0,441,1.137022532093468,1.7871379477205662,0.7018997402116789,0.6178861788617886,0.4470588235294118,0.25044616299821537,0.4399092970521542,False,False,True,0.30968847093424756,0.6914181251122405,2.499999999999999,POSSIBLE_EXCEEDANCE,correct
adaptive,104,0.5,800.0,883,1.1640867662551182,1.8127067778954422,0.6201211149182668,0.6511627906976745,0.4827586206896552,0.5556216537775134,0.3352208380520951,False,False,True,0.361610263857429,0.7126343002786184,2.498430123211329,POSSIBLE_EXCEEDANCE,correct
adaptive,104,0.75,1200.0,1330,0.4773484814929988,0.5395288409710952,0.32029880533397465,0.8129032258064516,0.6847826086956522,0.7441998810232004,0.37894736842105264,False,False,True,1.9984893216604718,0.9999877737091175,2.498446099459804,POSSIBLE_EXCEEDANCE,correct
adaptive,104,1.0,1600.0,1762,0.3855885071452059,0.4430000576950266,0.2704214836814048,0.7837837837837838,0.6444444444444445,0.8947055324211779,0.3064699205448354,False,False,True,1.4308375966843627,0.9988024505983466,1.7625780471175003,POSSIBLE_EXCEEDANCE,correct
adaptive,105,0.25,400.0,440,0.8826135374001561,1.3196606314392458,0.5973430631023637,0.44274809160305345,0.28431372549019607,0.2843545508625818,0.45,False,False,True,0.1714708667296776,0.6092913990566078,2.4999999999999964,POSSIBLE_EXCEEDANCE,correct
adaptive,105,0.5,800.0,883,0.9512547808011942,1.441741291235996,0.6450167772564829,0.6666666666666666,0.5,0.47828673408685307,0.36806342015855037,False,False,True,0.5144269223317082,0.8066354487311435,2.499999999990496,POSSIBLE_EXCEEDANCE,correct
adaptive,105,0.75,1200.0,1323,0.5805808892422804,0.7624027567375965,0.39025360687109634,0.6378378378378379,0.46825396825396826,0.7620464009518144,0.31368102796674224,False,False,True,0.6077835343862859,0.8398909808866004,2.46872069620669,POSSIBLE_EXCEEDANCE,correct
adaptive,105,1.0,1600.0,1762,0.4770131945427151,0.5630701555669164,0.2962900393539476,0.6545454545454545,0.4864864864864865,0.9405116002379535,0.26276958002270145,False,False,True,0.3406678149659683,0.707469390260477,1.364908743055893,POSSIBLE_EXCEEDANCE,correct
adaptive,106,0.25,400.0,441,0.6230222719608992,0.7800000426457652,0.4438525388254092,0.8051948051948052,0.6739130434782609,0.2540154669839381,0.4331065759637188,False,False,True,0.16411855341515746,0.6165963262443988,2.4999999999999987,POSSIBLE_EXCEEDANCE,correct
adaptive,106,0.5,800.0,882,0.5580040451341952,0.6285555934105324,0.3978557791856279,0.7530864197530864,0.6039603960396039,0.6103509815585961,0.3197278911564626,False,False,True,0.5774239122742557,0.8350073980868726,2.499179634998965,POSSIBLE_EXCEEDANCE,correct
adaptive,106,0.75,1200.0,1327,0.5238928629819004,0.7470748359079105,0.3730037665316739,0.7564102564102564,0.6082474226804123,0.7781082688875669,0.24868123587038432,False,False,True,0.7196151777040285,0.9441506803777586,2.450052092936103,POSSIBLE_EXCEEDANCE,correct
adaptive,106,1.0,1600.0,1767,0.4262540885371652,0.41292282647038697,0.2925998147069736,0.7662337662337663,0.6210526315789474,0.9470553242117787,0.23825693265421619,False,False,True,0.5531491177205154,0.8996547184252219,1.3053957120203294,POSSIBLE_EXCEEDANCE,correct
adaptive,107,0.25,400.0,442,0.8499192190999225,0.8660517543324326,0.5563216585579724,0.5882352941176471,0.4166666666666667,0.28851873884592505,0.4502262443438914,False,False,True,0.5455749161684906,0.7629915004090951,2.4999999999966183,POSSIBLE_EXCEEDANCE,correct
adaptive,107,0.5,800.0,882,1.4124396199486111,0.5111394072742925,0.6891222190959548,0.7605633802816901,0.6136363636363636,0.5585960737656157,0.4217687074829932,True,False,False,-0.28796801485403023,0.4006100726040865,2.4998267909821164,REVIEW,inconclusive
adaptive,107,0.75,1200.0,1322,0.4943405619398276,0.40671740992500094,0.34388802530536966,0.7938931297709924,0.6582278481012658,0.7376561570493754,0.3585476550680787,True,False,False,-0.05186550000475165,0.4578247335994568,2.478317342844165,REVIEW,inconclusive
adaptive,107,1.0,1600.0,1762,0.41900065314852136,0.44617376690483224,0.3139248946999458,0.7716535433070866,0.6282051282051282,0.8691255205234979,0.3081725312145289,False,False,True,0.08719121452099898,0.5704053671781206,2.36739167522079,POSSIBLE_EXCEEDANCE,correct
adaptive,108,0.25,400.0,442,1.4102523001149116,1.7008001087223166,0.8265774062291197,0.47398843930635837,0.3106060606060606,0.28019036287923854,0.41855203619909503,False,False,True,0.342442320741732,0.7223420582160043,2.5,POSSIBLE_EXCEEDANCE,correct
adaptive,108,0.5,800.0,884,1.0091066211657356,1.0880388963572782,0.6433704789672023,0.7945205479452054,0.6590909090909091,0.4312908982748364,0.4095022624434389,False,False,True,0.34107749879147775,0.75599176692286,2.499999999999914,POSSIBLE_EXCEEDANCE,correct
adaptive,108,0.75,1200.0,1327,0.5410444612715433,0.4029774092595298,0.378845320387207,0.8217054263565892,0.6973684210526315,0.6989886972040452,0.40015071590052753,True,False,False,-0.1896445062155223,0.3472587235144944,2.498448529665044,REVIEW,inconclusive
adaptive,108,1.0,1600.0,1760,0.5206249652670165,0.6344150246289508,0.36246446987996517,0.7133757961783439,0.5544554455445545,0.9042236763831053,0.32670454545454547,False,False,True,0.07350540480338452,0.5508825262087162,1.3968213080996947,POSSIBLE_EXCEEDANCE,correct
adaptive,109,0.25,400.0,442,1.1141010242234213,1.7256536144757704,0.7227924513799371,0.39344262295081966,0.24489795918367346,0.27364663890541346,0.4638009049773756,False,False,True,5.132598092524461,0.9999910419271052,2.499999999999985,POSSIBLE_EXCEEDANCE,correct
adaptive,109,0.5,800.0,883,0.6678519829896116,0.9263829270339667,0.4833349583211554,0.8082191780821918,0.6781609195402298,0.462819750148721,0.36013590033975085,True,False,False,-0.29680903107791323,0.44300769004549223,2.4999986044579967,REVIEW,inconclusive
adaptive,109,0.75,1200.0,1322,0.7162054319467119,0.841016643411841,0.5051829275681354,0.7093023255813954,0.5495495495495496,0.7430101130279595,0.3033282904689864,True,False,False,-0.2967622827106453,0.2554056792996268,2.441014908251655,REVIEW,inconclusive
adaptive,109,1.0,1600.0,1762,0.4080624356985819,0.35401762680416105,0.2883192769171472,0.8079470198675497,0.6777777777777778,0.9119571683521713,0.27128263337116915,True,False,False,-0.06525895025843909,0.4579951912710447,1.5160481231580543,REVIEW,inconclusive
adaptive,110,0.25,400.0,442,1.2541849054353664,0.949960363619691,0.7942244911424422,0.48677248677248675,0.32167832167832167,0.2587745389649018,0.5384615384615384,False,False,True,0.26580824372254597,0.7451841146271847,2.49999999999999,POSSIBLE_EXCEEDANCE,correct
adaptive,110,0.5,800.0,889,0.9952363230156566,1.4116871265520294,0.667354283575671,0.7417218543046358,0.5894736842105263,0.3486020226055919,0.5298087739032621,True,False,False,-0.02436587492901765,0.4720643918736629,2.499999999974855,REVIEW,inconclusive
adaptive,110,0.75,1200.0,1327,0.791823038430184,0.9983778193455307,0.5274317980757213,0.6060606060606061,0.43478260869565216,0.6876859012492564,0.38206480783722685,False,False,True,0.2479976117514724,0.7283826374178617,2.486133683647272,POSSIBLE_EXCEEDANCE,correct
adaptive,110,1.0,1600.0,1767,0.47821770154148086,0.5345872960108717,0.3366854189311381,0.6710526315789473,0.504950495049505,0.8881618084473528,0.3073005093378608,True,False,False,-0.053411420365719664,0.44969643333972353,1.7992916295675996,REVIEW,inconclusive
adaptive,111,0.25,400.0,443,0.6701828538811025,0.8072432408781572,0.4639884688207969,0.5354330708661418,0.3655913978494624,0.26531826293872696,0.4198645598194131,False,False,True,0.19881768475702444,0.6480138691537878,2.4999999999999734,POSSIBLE_EXCEEDANCE,correct
adaptive,111,0.5,800.0,887,0.7489314338937838,1.175854439871923,0.5249703310096829,0.5208333333333334,0.352112676056338,0.42534205829863175,0.44306651634723787,True,False,False,-0.7991782868409416,0.2695758541491218,2.49999999953772,REVIEW,inconclusive
adaptive,111,0.75,1200.0,1323,0.5290033871016426,0.7503606860822389,0.3614448987158724,0.5346534653465347,0.36486486486486486,0.7531231409875074,0.327286470143613,True,False,False,-0.6487267654288971,0.27305685136374985,2.1959243489899136,REVIEW,inconclusive
adaptive,111,1.0,1600.0,1762,0.42990960661709504,0.5680066035241812,0.302965920899588,0.6355140186915887,0.4657534246575342,0.8941106484235574,0.2888762769580023,True,False,False,-0.5498250393650608,0.25988475052510596,1.9638938054778985,REVIEW,inconclusive
adaptive,112,0.25,400.0,444,0.7280275731288307,0.8177995683015872,0.5213678141800853,0.5098039215686274,0.34210526315789475,0.26531826293872696,0.5045045045045045,True,False,False,-0.3346651395724649,0.39528558149369786,2.4999999999987472,REVIEW,inconclusive
adaptive,112,0.5,800.0,885,0.6450217634621205,0.7882886351023072,0.4189368365876535,0.42105263157894735,0.26666666666666666,0.544913741820345,0.36271186440677966,True,False,False,-0.29005387436378527,0.4043808489511789,2.4998508243592994,REVIEW,inconclusive
adaptive,112,0.75,1200.0,1327,0.534709711181111,0.44899057349765775,0.36900743918432816,0.7682119205298014,0.6236559139784946,0.7537180249851279,0.34287867370007535,True,False,False,-0.2865444175598242,0.2819882678934653,2.4976499129605942,REVIEW,inconclusive
adaptive,112,1.0,1600.0,1768,0.44903537153106565,0.42994684302489194,0.3188802260295278,0.7874015748031497,0.6493506493506493,0.9018441403926234,0.2743212669683258,True,False,False,-0.32853767564267855,0.2991017110066725,1.9932981586685268,REVIEW,inconclusive
adaptive,113,0.25,400.0,444,0.9403531975503028,0.8483652678294092,0.5930839293274477,0.5857142857142857,0.41414141414141414,0.2825698988697204,0.44594594594594594,False,False,True,0.659279902510761,0.9242301485825487,2.4999999999992895,POSSIBLE_EXCEEDANCE,correct
adaptive,113,0.5,800.0,890,0.9447102320898807,0.6641155969368079,0.6190151753775108,0.6386554621848739,0.4691358024691358,0.47888161808447355,0.47415730337078654,True,False,False,-0.4761255356887304,0.2808415106523704,2.4999998406032318,REVIEW,inconclusive
adaptive,113,0.75,1200.0,1333,0.7524655759640951,0.8152429003623806,0.5077456863889075,0.41916167664670656,0.26515151515151514,0.6835217132659132,0.3810952738184546,True,False,False,-0.510989271908258,0.2931663462246582,2.4999998633382177,REVIEW,inconclusive
adaptive,113,1.0,1600.0,1774,0.5334329069135103,0.627899768378745,0.36695380821295714,0.624,0.45348837209302323,0.8810232004759072,0.3100338218714769,True,False,False,-0.34379849287473974,0.30861132507006084,1.7846541789537553,REVIEW,inconclusive
adaptive,114,0.25,400.0,444,0.8327241109861632,1.0358804957259378,0.5817473670568598,0.6097560975609756,0.43859649122807015,0.2611540749553837,0.44144144144144143,False,False,True,1.3713537094501476,0.9353598461696601,2.4999999999999636,POSSIBLE_EXCEEDANCE,correct
adaptive,114,0.5,800.0,885,0.6355084059890685,0.7537859211589342,0.44280918961525223,0.6927374301675978,0.5299145299145299,0.537180249851279,0.31751412429378534,False,False,True,0.2824501248130531,0.7549669967203847,2.49999999999931,POSSIBLE_EXCEEDANCE,correct
adaptive,114,0.75,1200.0,1329,0.5532020848802524,0.676341632688192,0.3896781820706056,0.6666666666666666,0.5,0.6347412254610351,0.3333333333333333,True,False,False,-0.40978065178953216,0.2582740703446572,2.499999999836308,REVIEW,inconclusive
adaptive,114,1.0,1600.0,1772,0.5063662154561226,0.5799544033636242,0.3693267367139309,0.7034482758620689,0.5425531914893617,0.901249256395003,0.29006772009029347,True,False,False,-0.25790828181577297,0.29888848613435437,1.6249726736264327,REVIEW,inconclusive
adaptive,115,0.25,400.0,442,0.844854367187432,1.0741683543374787,0.616809999402289,0.4777777777777778,0.31386861313868614,0.26055919095776325,0.5,False,False,True,1.4767788360858205,0.9401379455629328,2.4999999999999996,POSSIBLE_EXCEEDANCE,correct
adaptive,115,0.5,800.0,887,0.7626358276624952,1.2053766478035823,0.5215214387054117,0.8695652173913043,0.7692307692307693,0.388459250446163,0.46561443066516345,True,False,False,-0.4257394365832994,0.32841617701782366,2.4999999999856435,REVIEW,inconclusive
adaptive,115,0.75,1200.0,1325,0.415222744903114,0.3644651344640321,0.29268096538443666,0.8707482993197279,0.7710843373493976,0.6948245092207019,0.4007547169811321,False,False,True,0.235492612414113,0.7151070775824963,2.4991458179462285,POSSIBLE_EXCEEDANCE,correct
adaptive,115,1.0,1600.0,1763,0.38121864765649505,0.4167568472562327,0.276819338853143,0.8776978417266187,0.782051282051282,0.8929208804283165,0.32387975042541123,True,False,False,-0.1672856797731157,0.3450976032390548,1.6388992823140633,REVIEW,inconclusive
adaptive,116,0.25,400.0,442,0.8971448757971348,1.202853128238464,0.6294545667162699,0.6533333333333333,0.48514851485148514,0.29387269482450923,0.4004524886877828,False,False,True,0.005934685942825979,0.5015028154353582,2.4999999999999862,POSSIBLE_EXCEEDANCE,correct
adaptive,116,0.5,800.0,887,0.6554170696814852,0.6278470017888993,0.46170804077018573,0.6776859504132231,0.5125,0.5187388459250446,0.3742953776775648,False,False,True,0.35487784199078476,0.9019793629887788,2.499915776449839,POSSIBLE_EXCEEDANCE,correct
adaptive,116,0.75,1200.0,1333,0.5742822657133481,0.4454370070490612,0.40398279678987675,0.8244274809160306,0.7012987012987013,0.6341463414634146,0.377344336084021,False,False,True,0.15422077423013292,0.6846526341507015,2.499923467966871,POSSIBLE_EXCEEDANCE,correct
adaptive,116,1.0,1600.0,1775,0.5004364558975892,0.49783271784321254,0.3486405553741888,0.6617647058823529,0.4945054945054945,0.8584176085663295,0.30535211267605633,True,False,False,-0.07401790021141608,0.40768669911933664,1.8763141045025347,REVIEW,inconclusive
adaptive,117,0.25,400.0,445,0.816733087796793,0.9742591261801787,0.5498054025184889,0.6231884057971014,0.45263157894736844,0.2688875669244497,0.5078651685393258,False,False,True,0.48394544617249124,0.8514029791503808,2.4999999999999334,POSSIBLE_EXCEEDANCE,correct
adaptive,117,0.5,800.0,885,0.8423146568315815,1.141286874871421,0.5300425945576348,0.8456375838926175,0.7325581395348837,0.5080309339678762,0.3581920903954802,False,False,True,0.1429995795712813,0.5835463866081901,2.4999999999828164,POSSIBLE_EXCEEDANCE,correct
adaptive,117,0.75,1200.0,1329,0.49266864739369615,0.47654242773551125,0.37167847108678154,0.8115942028985508,0.6829268292682927,0.8173706127305176,0.3258088788562829,False,False,True,0.4246389835345923,0.7810830585974766,1.9733435692829493,POSSIBLE_EXCEEDANCE,correct
adaptive,117,1.0,1600.0,1767,0.3958005410957695,0.4819394221497343,0.31196946075965504,0.9,0.8181818181818182,0.9321832242712671,0.28862478777589134,False,False,True,0.10135123515665612,0.5703665352908299,2.0002216349471187,POSSIBLE_EXCEEDANCE,correct
adaptive,118,0.25,400.0,443,0.8731860179142634,1.0241089887552222,0.6550860734083468,0.7737226277372263,0.6309523809523809,0.2825698988697204,0.49209932279909707,False,False,True,0.21474196966098447,0.7031274179939615,2.4999999999992286,POSSIBLE_EXCEEDANCE,correct
adaptive,118,0.5,800.0,883,0.6962172918283428,0.8417291468703928,0.5182835822615487,0.7851851851851852,0.6463414634146342,0.5889351576442594,0.33861834654586637,False,False,True,0.12449572449875745,0.5932665831901027,2.4999127339126184,POSSIBLE_EXCEEDANCE,correct
adaptive,118,0.75,1200.0,1325,0.5725019687671318,0.7340823500793868,0.4151165282998041,0.49523809523809526,0.3291139240506329,0.8114217727543129,0.3049056603773585,True,False,False,-0.030563624138565615,0.47637708154112507,2.209812480831355,REVIEW,inconclusive
adaptive,118,1.0,1600.0,1768,0.43637839497865144,0.508415070147463,0.30749246549493436,0.5714285714285714,0.4,0.9149315883402737,0.2833710407239819,True,False,False,-0.10326299539215711,0.42518757141784136,1.6747063020674413,REVIEW,inconclusive
adaptive,119,0.25,400.0,443,0.6351385010887912,0.8155523637922858,0.4751495233458116,0.5521472392638037,0.3813559322033898,0.27007733491969066,0.4672686230248307,False,False,True,1.031982522507441,0.9939538099359477,2.4999999999999836,POSSIBLE_EXCEEDANCE,correct
adaptive,119,0.5,800.0,884,0.7127546332298756,0.9310273884602822,0.49074358661947615,0.6242774566473989,0.453781512605042,0.5252825698988697,0.332579185520362,True,False,False,-0.058964072245146326,0.46964203157686296,2.499999981322899,REVIEW,inconclusive
adaptive,119,0.75,1200.0,1328,0.6719268386696323,1.0300564665880536,0.46569083761071833,0.8226950354609929,0.6987951807228916,0.7186198691255206,0.3132530120481928,True,False,False,-0.5837163025141052,0.29805409993202536,2.3287517410018514,REVIEW,inconclusive
adaptive,119,1.0,1600.0,1768,0.4136228705070712,0.5396024900131995,0.3056584563978745,0.8356164383561644,0.7176470588235294,0.91017251635931,0.26300904977375567,True,False,False,-0.10533708281884913,0.44891042476619486,1.7581136999410198,REVIEW,inconclusive
